2026-03-09 00:00:00;Morphettville-Professional-2026-03-09;Quayclean C S Hayes Memorial Cup
ARRAN BAY;2;200;17.72;0:14.16;400;17.50;0:11.68;600;17.04;0:11.85;800;17.05;0:11.84;1000;17.27;0:11.73;1200;17.64;0:11.43;1400;17.71;0:11.41;1600;17.42;0:11.97
VERDAD;5;200;17.60;0:14.35;400;17.57;0:11.68;600;17.24;0:11.92;800;17.17;0:11.83;1000;17.32;0:11.74;1200;17.72;0:11.42;1400;17.82;0:11.40;1600;17.73;0:11.90
A SAMURAI MIND;9;200;17.33;0:14.42;400;17.52;0:11.71;600;17.06;0:12.08;800;17.37;0:11.79;1000;17.56;0:11.73;1200;18.06;0:11.27;1400;18.00;0:11.48;1600;17.11;0:12.06
WATADEEL;7;200;17.42;0:14.56;400;17.38;0:11.76;600;17.44;0:11.89;800;17.16;0:11.82;1000;17.48;0:11.69;1200;18.07;0:11.35;1400;17.95;0:11.41;1600;17.53;0:12.09
DARKNCONFIDENTIAL;8;200;17.59;0:15.23;400;18.05;0:11.32;600;17.69;0:11.83;800;17.22;0:11.77;1000;17.67;0:11.68;1200;18.47;0:11.22;1400;18.36;0:11.50;1600;17.43;0:12.03
BAMYAN BUDDHA;3;200;17.74;0:14.03;400;17.67;0:11.67;600;17.47;0:11.89;800;17.09;0:11.87;1000;17.20;0:11.76;1200;17.47;0:11.52;1400;17.40;0:11.56;1600;17.02;0:12.38
MISS ARIA;4;200;17.53;0:14.48;400;17.51;0:11.62;600;16.89;0:11.93;800;17.14;0:11.81;1000;17.26;0:11.67;1200;17.71;0:11.45;1400;17.69;0:11.56;1600;17.02;0:12.40
AIR ASSAULT;1;200;17.56;0:14.11;400;17.53;0:11.73;600;16.86;0:12.04;800;17.35;0:11.79;1000;17.36;0:11.72;1200;17.76;0:11.45;1400;17.70;0:11.59;1600;16.98;0:12.66
SIR KINGSFORD;6;200;17.55;0:14.72;400;17.56;0:11.65;600;17.27;0:11.85;800;17.08;0:11.79;1000;17.39;0:11.66;1200;17.77;0:11.48;1400;17.52;0:11.63;1600;17.00;0:12.36
TALISAY;12;200;17.46;0:15.22;400;17.98;0:11.40;600;17.24;0:12.00;800;17.24;0:11.77;1000;17.72;0:11.66;1200;18.03;0:11.39;1400;17.81;0:11.65;1600;16.57;0:12.75
JACK THE LAD;10;200;17.81;0:15.18;400;17.98;0:11.49;600;17.11;0:11.95;800;17.34;0:11.71;1000;17.61;0:11.59;1200;17.96;0:11.48;1400;18.02;0:11.71;1600;16.56;0:13.18
Ronny Bee;11;200;0;00:00.0;400;0;00:00.0;600;0;00:00.0;800;0;00:00.0;1000;0;00:00.0;1200;0;00:00.0;1400;0;00:00.0;1600;0;00:00.0
